EmployeeID,Age,Department,MonthlyIncome,YearsAtCompany,Attrition,LastPromotionDate,SatisfactionScore
1001,60.0,IT,4903.03,-5,No,2022-12-29 00:00:00,5.0
1002,,Sales,5947.48,7,Y,2023-05-19 00:00:00,5.0
1003,36.0,HR,4077.86,26,No,2023-01-29 00:00:00,3.0
1004,64.0,Finance,11014.75,12,Yes,2021-11-28 00:00:00,4.0
1005,29.0,Finance,8342.33,12,No,2025-13-45,1.0
1006,42.0,HR,9111.92,-8,Yes,2023-11-05 00:00:00,
1007,,IT,10102.54,-7,No,2023-03-01 00:00:00,3.0
1008,40.0,Finance,7485.98,23,No,2022-11-09 00:00:00,4.0
1009,44.0,Sales,3782.28,18,Yes,2021-06-19 00:00:00,4.0
1010,32.0,Finence,7833.96,-8,Yes,2022-10-10 00:00:00,
1011,,Saless,8281.57,-8,Yes,2020-08-14 00:00:00,4.0
1012,45.0,HR,9708.96,27,No,2023-03-23 00:00:00,4.0
1013,57.0,Sales,6884.94,-6,No,2024-02-01 00:00:00,
1014,61.0,HR,4148.22,26,No,2022-04-01 00:00:00,3.0
1015,,Sales,5553.98,26,N,2022-05-20 00:00:00,4.0
1016,24.0,HR,6267.74,15,No,2021-02-08 00:00:00,
1017,43.0,Saless,8813.26,-2,Yes,2020-07-20 00:00:00,2.0
1018,23.0,It ,8137.0,-6,No,2020-02-07 00:00:00,3.0
1019,45.0,Sales,6204.87,10,No,2022-07-30 00:00:00,1.0
1020,51.0,Saless,11878.64,12,N,2020-07-06 00:00:00,1.0
1021,59.0,IT,8451.97,24,No,2022-12-16 00:00:00,
1022,,Finence,5135.04,20,No,2022-07-29 00:00:00,
1023,42.0,Finance,3916.04,9,No,2022-11-09 00:00:00,
1024,54.0,Sales,215096.87988039918,-1,No,2025-13-45,
1025,33.0,IT,5213.62,26,Y,2023-02-16 00:00:00,4.0
1026,,Sales,4446.13,5,Yes,2025-13-45,2.0
1027,,HR,4679.1,-1,Y,2025-13-45,3.0
1028,48.0,HR,5565.86,-3,No,2025-13-45,3.0
1029,63.0,Sales,4560.36,4,No,2021-06-09 00:00:00,
1030,49.0 years,Finance,11070.89,10,Yes,2020-12-01 00:00:00,2.0
1031,,Finence,3722.1,12,Yes,2021-11-28 00:00:00,1.0
1032,36.0,Sales,7720.6,25,No,2022-12-14 00:00:00,
1033,24.0,Sales,6693.57,-3,Yes,2021-05-14 00:00:00,5.0
1034,,HR,11841.41,18,No,2022-06-18 00:00:00,5.0
1035,,Finance,4008.35,22,N,2022-02-04 00:00:00,1.0
1036,42.0,Sales,6580.7,9,No,2021-06-19 00:00:00,3.0
1037,30.0,HR,11725.23,9,No,2025-13-45,3.0
1038,60.0,Finance,10789.56,-5,No,2025-13-45,5.0
1039,39.0,IT,10353.65,20,No,2020-06-07 00:00:00,4.0
1040,25.0,HR,5321.13,-1,Yes,2023-04-26 00:00:00,1.0
1041,,Finance,4537.99,6,No,2025-13-45,5.0
1042,35.0,Finance,9017.79,17,No,2025-13-45,5.0
1043,30.0 years,HR,11364.38,3,No,2023-09-04 00:00:00,1.0
1044,47.0,IT,8010.87,1,No,2020-07-29 00:00:00,1.0
1045,23.0,HR,8144.51,-6,Yes,2021-02-09 00:00:00,3.0
1046,41.0,Finence,5519.81,12,No,2021-10-25 00:00:00,4.0
1047,49.0,Sales,9925.44,28,N,2023-02-06 00:00:00,
1048,28.0,Sales,4683.39,-7,No,2023-01-04 00:00:00,1.0
1049,29.0,HR,5913.11,6,No,2021-06-25 00:00:00,2.0
1050,56.0 years,Finance,6828.93,1,No,2025-13-45,5.0
1051,,Sales,7568.49,-3,No,2022-09-24 00:00:00,
1052,nan years,Finance,5181.69,13,No,2025-13-45,1.0
1053,57.0,HR,4033.53,-4,No,2025-13-45,2.0
1054,61.0,Sales,8495.58,16,Yes,2022-05-17 00:00:00,3.0
1055,,Finance,5597.67,-3,No,2020-01-19 00:00:00,1.0
1056,23.0,Sales,8231.14,16,No,2021-03-07 00:00:00,1.0
1057,,HR,4389.26,7,No,2025-13-45,5.0
1058,63.0,Finance,7330.26,1,No,2023-10-05 00:00:00,1.0
1059,25.0,Saless,7793.3,27,No,2020-07-01 00:00:00,
1060,50.0 years,HR,3466.41,23,Yes,2020-04-22 00:00:00,1.0
1061,39.0,Sales,6029.44,12,No,2025-13-45,
1062,47.0,Sales,4209.73,-1,Y,2021-04-25 00:00:00,3.0
1063,,IT,3570.37,15,No,2023-03-15 00:00:00,
1064,31.0,IT,11909.64,5,No,2025-13-45,
1065,57.0,HR,5901.18,18,No,2023-02-10 00:00:00,
1066,35.0,IT,10288.87,29,No,2022-02-01 00:00:00,
1067,52.0,HR,5291.77,6,No,2025-13-45,3.0
1068,,IT,9133.52,9,No,2025-13-45,3.0
1069,29.0,Sales,9842.05,8,No,2025-13-45,5.0
1070,35.0,H R,8360.75,-8,No,2022-08-28 00:00:00,
1071,44.0,HR,7244.19,27,No,2025-13-45,
1072,61.0,Sales,6706.57,27,No,2023-02-15 00:00:00,
1073,42.0,HR,6139.81,14,No,2020-06-09 00:00:00,
1074,37.0,H R,11365.76,29,No,2021-02-04 00:00:00,4.0
1075,,IT,10475.57,-2,No,2025-13-45,
1076,,HR,11685.24,28,No,2025-13-45,5.0
1077,,Finance,4118.68,21,No,2021-10-21 00:00:00,
1078,46.0,Sales,9577.81,-1,No,2022-12-06 00:00:00,
1079,62.0,IT,11445.06,19,No,2021-02-02 00:00:00,5.0
1080,50.0,IT,4631.1,-8,No,2025-13-45,1.0
1081,,Finance,3598.47,17,No,2020-05-03 00:00:00,
1082,22.0,Sales,9670.09,-7,No,2020-03-15 00:00:00,
1083,46.0,Sales,8170.26,26,Y,2020-05-16 00:00:00,4.0
1084,28.0,IT,10576.46,16,No,2021-08-24 00:00:00,
1085,30.0 years,HR,4257.95,11,Yes,2023-11-24 00:00:00,
1086,45.0,IT,10157.41,21,N,2025-13-45,1.0
1087,22.0,Sales,218872.24280540718,16,No,2021-05-14 00:00:00,3.0
1088,,Finance,4472.9,-7,No,2020-05-17 00:00:00,5.0
1089,45.0,IT,4478.39,-4,No,2025-13-45,1.0
1090,,Sales,10331.17,0,N,2022-08-30 00:00:00,4.0
1091,,IT,8986.77,-9,No,2020-09-10 00:00:00,2.0
1092,,HR,7707.59,25,No,2021-12-10 00:00:00,2.0
1093,56.0,IT,6229.47,23,No,2025-13-45,2.0
1094,56.0 years,IT,10894.8,26,Yes,2022-01-26 00:00:00,
1095,54.0 years,Sales,6532.01,17,Yes,2023-12-20 00:00:00,1.0
1096,,Sales,10349.39,-6,No,2021-06-30 00:00:00,4.0
1097,63.0,Sales,6952.21,13,N,2025-13-45,2.0
1098,60.0,IT,6392.5,14,No,2022-07-10 00:00:00,5.0
1099,62.0,HR,7164.12,28,No,2021-08-03 00:00:00,3.0
1100,49.0,Finance,5712.4,11,No,2023-10-04 00:00:00,
1101,28.0,Finance,9728.48,-2,No,2020-02-18 00:00:00,4.0
1102,30.0,Sales,7524.48,26,N,2025-13-45,
1103,29.0,Sales,5089.91,2,No,2025-13-45,1.0
1104,33.0,IT,11096.17,19,No,2021-12-04 00:00:00,
1105,55.0,Finence,6455.02,28,No,2020-09-17 00:00:00,2.0
1106,54.0,Sales,7891.98,11,N,2020-12-21 00:00:00,
1107,44.0,HR,11158.25,6,Yes,2025-13-45,1.0
1108,,HR,8618.14,-1,No,2021-09-29 00:00:00,2.0
1109,,Saless,4052.08,10,No,2022-01-12 00:00:00,
1110,,Sales,11458.49,0,No,2023-08-11 00:00:00,1.0
1111,61.0,Finance,8649.37,5,Y,2022-10-06 00:00:00,2.0
1112,43.0,Finence,6014.15,14,No,2025-13-45,
1113,,IT,4253.45,-1,Yes,2021-10-02 00:00:00,3.0
1114,56.0,Finance,10146.23,18,Yes,2025-13-45,
1115,22.0,HR,8580.65,10,No,2023-08-29 00:00:00,5.0
1116,,H R,7801.15,25,No,2021-09-03 00:00:00,2.0
1117,58.0,Sales,11045.03,22,No,2022-03-19 00:00:00,2.0
1118,35.0,Finance,10097.37,25,No,2023-04-20 00:00:00,3.0
1119,,IT,4365.07,-9,No,2021-11-16 00:00:00,1.0
1120,22.0,HR,5805.5,13,No,2023-10-19 00:00:00,
1121,26.0,HR,5236.4,1,Yes,2020-07-06 00:00:00,4.0
1122,47.0,IT,9695.52,28,No,2022-09-11 00:00:00,3.0
1123,35.0,IT,256204.03739803666,3,No,2025-13-45,4.0
1124,60.0,HR,8129.01,16,No,2021-12-25 00:00:00,3.0
1125,,H R,9862.13,2,No,2022-07-14 00:00:00,5.0
1126,,IT,10890.89,-4,No,2025-13-45,2.0
1127,36.0,HR,6078.74,8,Yes,2025-13-45,5.0
1128,,Sales,10391.32,6,No,2025-13-45,3.0
1129,,Sales,3995.69,14,N,2021-02-17 00:00:00,2.0
1130,63.0,IT,10618.07,22,Yes,2023-09-27 00:00:00,
1131,34.0,Finance,4147.4,28,No,2025-13-45,1.0
1132,53.0,It ,6575.59,28,No,2025-13-45,4.0
1133,60.0,IT,209741.2315075245,10,Yes,2020-06-11 00:00:00,3.0
1134,,Finance,4349.26,19,No,2023-05-28 00:00:00,
1135,25.0,Finance,5063.26,1,No,2020-09-26 00:00:00,1.0
1136,,Finence,9500.27,14,Yes,2021-09-23 00:00:00,5.0
1137,58.0,Saless,9480.33,13,No,2022-06-24 00:00:00,2.0
1138,44.0,HR,8770.33,19,No,2025-13-45,
1139,60.0,Sales,9245.54,21,No,2025-13-45,
1140,36.0 years,HR,7884.52,10,Yes,2020-07-23 00:00:00,1.0
1141,64.0,Sales,5266.19,26,Yes,2025-13-45,1.0
1142,50.0,HR,6111.26,2,No,2022-04-20 00:00:00,1.0
1143,57.0,Saless,4634.38,16,No,2023-06-05 00:00:00,4.0
1144,34.0,Finence,11176.06,29,No,2021-08-18 00:00:00,
1145,,It ,8250.53,11,N,2020-09-06 00:00:00,3.0
1146,28.0 years,Saless,6607.66,23,No,2022-05-24 00:00:00,
1147,43.0,H R,7158.05,27,Yes,2025-13-45,4.0
1148,nan years,Finence,11525.55,-5,No,2025-13-45,3.0
1149,23.0,Sales,4380.16,20,No,2021-11-20 00:00:00,5.0
1150,63.0,Sales,8276.07,14,No,2022-12-29 00:00:00,1.0
1151,27.0,Finance,7553.0,15,No,2025-13-45,5.0
1152,49.0,Sales,8503.09,4,N,2023-11-23 00:00:00,2.0
1153,49.0,IT,3162.99,-3,No,2021-11-02 00:00:00,
1154,41.0,Sales,10849.12,-4,No,2023-05-11 00:00:00,4.0
1155,51.0,IT,11389.06,5,No,2023-03-17 00:00:00,2.0
1156,,IT,8086.2,18,No,2024-02-04 00:00:00,
1157,49.0,Finance,9269.86,24,No,2025-13-45,3.0
1158,46.0,Saless,11302.49,-8,No,2020-07-17 00:00:00,4.0
1159,,Finance,9365.15,-4,Yes,2025-13-45,4.0
1160,54.0,Sales,4372.85,26,No,2021-05-06 00:00:00,1.0
1161,22.0,Sales,8186.6,0,Yes,2022-06-14 00:00:00,3.0
1162,,HR,8460.44,25,No,2020-05-21 00:00:00,
1163,34.0,Sales,6817.18,27,No,2023-08-29 00:00:00,
1164,62.0,Finance,9628.0,5,No,2020-06-13 00:00:00,1.0
1165,24.0,IT,11409.3,-9,No,2020-11-09 00:00:00,4.0
1166,,Sales,11330.12,-9,Yes,2020-01-21 00:00:00,
1167,,HR,7057.55,28,No,2023-01-10 00:00:00,1.0
1168,29.0,Finance,4019.14,2,No,2023-02-28 00:00:00,2.0
1169,48.0,Sales,11863.57,16,No,2025-13-45,4.0
1170,,Finance,10550.08,24,No,2020-10-31 00:00:00,
1171,58.0,HR,4121.96,23,No,2021-01-05 00:00:00,4.0
1172,,HR,11287.58,11,No,2025-13-45,5.0
1173,63.0,Finence,10829.07,17,Yes,2025-13-45,1.0
1174,45.0,Saless,7669.54,-6,Yes,2021-03-20 00:00:00,1.0
1175,36.0,It ,8321.48,11,No,2025-13-45,4.0
1176,,HR,6591.02,15,No,2020-06-09 00:00:00,3.0
1177,53.0,Sales,3492.85,26,No,2023-04-16 00:00:00,
1178,,Sales,6016.78,7,No,2021-09-20 00:00:00,2.0
1179,62.0,IT,10225.68,-2,No,2025-13-45,4.0
1180,33.0,HR,3041.69,13,No,2021-05-04 00:00:00,2.0
1181,,HR,6001.49,-7,Yes,2022-10-13 00:00:00,
1182,23.0,Sales,6583.52,16,N,2020-11-22 00:00:00,
1183,24.0,Sales,7836.56,28,No,2021-08-20 00:00:00,3.0
1184,58.0,It ,11278.7,20,No,2022-10-11 00:00:00,3.0
1185,38.0,IT,6117.11,7,No,2020-10-15 00:00:00,3.0
1186,,HR,6122.58,14,No,2021-08-15 00:00:00,1.0
1187,23.0,Finance,9637.51,26,No,2021-07-26 00:00:00,1.0
1188,49.0,HR,7069.96,13,N,2023-10-09 00:00:00,5.0
1189,44.0,Sales,5021.44,-9,No,2020-01-28 00:00:00,2.0
1190,58.0 years,HR,7071.96,19,No,2022-08-11 00:00:00,4.0
1191,53.0,Finence,4267.71,6,No,2025-13-45,4.0
1192,54.0,IT,423005.86867100373,2,No,2021-02-26 00:00:00,
1193,22.0,Finance,7485.31,28,No,2020-06-25 00:00:00,4.0
1194,40.0,Finance,6770.33,11,No,2021-06-12 00:00:00,1.0
1195,23.0,Finence,11233.61,20,No,2022-08-23 00:00:00,5.0
1196,47.0,IT,6261.55,-6,No,2025-13-45,
1197,53.0,Finance,8225.3,27,No,2021-09-01 00:00:00,5.0
1198,27.0,Finance,8690.38,25,Yes,2025-13-45,
1199,53.0,Finance,3117.85,2,No,2022-05-02 00:00:00,
1200,,Saless,8971.84,19,No,2020-01-22 00:00:00,3.0
1201,,Finance,4602.32,13,No,2023-02-09 00:00:00,5.0
1202,38.0,IT,11649.63,14,No,2022-12-16 00:00:00,4.0
1203,,Finance,4337.96,-3,No,2022-12-25 00:00:00,
1204,45.0,Finance,6731.62,-7,No,2022-04-21 00:00:00,
1205,,IT,3768.15,13,Yes,2025-13-45,3.0
1206,,Finance,416999.09119818895,6,Y,2025-13-45,3.0
1207,,IT,240816.8703294929,16,N,2021-03-10 00:00:00,2.0
1208,,Finance,8358.47,29,No,2021-09-28 00:00:00,3.0
1209,32.0,It ,3603.69,11,No,2023-01-14 00:00:00,2.0
1210,37.0,Finance,9749.64,19,No,2021-08-10 00:00:00,3.0
1211,54.0,Finance,450823.6702385843,-5,No,2020-12-09 00:00:00,5.0
1212,30.0,Sales,11082.49,8,No,2023-08-10 00:00:00,5.0
1213,27.0,Saless,4846.26,5,Yes,2021-07-24 00:00:00,2.0
1214,37.0,Finance,4716.19,15,No,2025-13-45,5.0
1215,50.0,Finance,3328.95,24,No,2025-13-45,2.0
1216,24.0,H R,7248.6,27,No,2021-07-14 00:00:00,5.0
1217,41.0,IT,8083.57,21,Yes,2025-13-45,
1218,57.0,HR,3591.38,21,No,2025-13-45,2.0
1219,40.0,Sales,9979.75,-1,No,2025-13-45,
1220,47.0,Sales,7079.6,20,No,2020-10-03 00:00:00,5.0
1221,24.0,Sales,7719.51,1,Yes,2021-06-15 00:00:00,3.0
1222,40.0,Sales,6966.86,23,No,2023-03-23 00:00:00,4.0
1223,41.0 years,Finance,6606.87,7,N,2021-01-17 00:00:00,2.0
1224,53.0,Sales,8036.76,10,No,2022-12-27 00:00:00,4.0
1225,28.0,Finance,4397.16,12,No,2022-06-02 00:00:00,1.0
1226,,Finance,4637.35,16,Yes,2025-13-45,
1227,54.0,Sales,10756.07,7,No,2025-13-45,
1228,nan years,Sales,11515.04,20,Yes,2022-01-13 00:00:00,5.0
1229,60.0,It ,6359.78,17,No,2020-07-31 00:00:00,3.0
1230,39.0,HR,5436.7,29,N,2020-03-19 00:00:00,4.0
1231,,Sales,8796.0,-3,No,2021-09-19 00:00:00,
1232,,IT,6678.61,13,No,2021-08-26 00:00:00,5.0
1233,,IT,3228.48,-5,Yes,2025-13-45,
1234,49.0,HR,4405.37,5,No,2025-13-45,5.0
1235,46.0,Finance,9443.75,10,No,2025-13-45,
1236,44.0,Sales,8930.32,12,No,2021-11-10 00:00:00,1.0
1237,52.0,H R,3243.86,24,No,2020-02-27 00:00:00,
1238,51.0,Sales,4997.75,0,No,2022-11-15 00:00:00,5.0
1239,63.0,IT,5079.67,-7,Yes,2025-13-45,2.0
1240,56.0,IT,9047.03,5,Yes,2021-03-22 00:00:00,5.0
1241,28.0,Finance,3177.39,8,Y,2020-03-06 00:00:00,5.0
1242,37.0,It ,3936.98,7,No,2025-13-45,3.0
1243,,IT,10199.24,-3,No,2025-13-45,3.0
1244,23.0,H R,4606.9,21,No,2023-01-25 00:00:00,3.0
1245,22.0,Saless,8874.71,18,No,2022-10-08 00:00:00,2.0
1246,33.0 years,Sales,5143.65,23,No,2020-08-14 00:00:00,2.0
1247,26.0,H R,3894.97,8,No,2022-02-12 00:00:00,
1248,,Finance,5188.55,16,No,2021-11-09 00:00:00,3.0
1249,,Sales,9500.4,11,No,2023-12-30 00:00:00,
1250,30.0,IT,10701.27,24,No,2021-08-23 00:00:00,
1251,,Sales,10471.98,-6,No,2021-01-13 00:00:00,5.0
1252,56.0,IT,6574.65,14,Y,2025-13-45,4.0
1253,40.0,Finance,9012.77,15,No,2023-12-21 00:00:00,5.0
1254,,HR,4844.86,-5,No,2021-12-09 00:00:00,4.0
1255,24.0,Sales,5638.33,21,No,2025-13-45,3.0
1256,,HR,11067.02,27,N,2022-02-17 00:00:00,4.0
1257,45.0,Sales,3117.02,19,No,2021-05-18 00:00:00,
1258,54.0,IT,3769.58,0,No,2020-09-24 00:00:00,
1259,,HR,4870.98,9,No,2020-01-08 00:00:00,4.0
1260,,Sales,3238.79,7,No,2021-05-22 00:00:00,
1261,29.0,IT,4632.92,17,No,2021-04-20 00:00:00,
1262,57.0,HR,8247.37,27,No,2023-08-13 00:00:00,5.0
1263,,HR,6792.82,0,No,2020-06-12 00:00:00,2.0
1264,61.0,Sales,11034.05,1,Yes,2021-04-29 00:00:00,3.0
1265,41.0,Sales,10356.99,0,No,2022-12-31 00:00:00,4.0
1266,56.0,Sales,6076.36,-1,No,2021-07-20 00:00:00,3.0
1267,46.0,IT,5334.81,-6,No,2022-06-23 00:00:00,
1268,56.0,Sales,6417.23,12,Yes,2021-07-12 00:00:00,
1269,46.0,HR,8312.65,29,Yes,2025-13-45,3.0
1270,50.0,HR,5412.57,-8,No,2023-02-01 00:00:00,4.0
1271,39.0,Sales,8617.34,12,No,2023-05-18 00:00:00,2.0
1272,,Sales,6684.7,-1,No,2021-07-07 00:00:00,
1273,23.0,Finance,7968.42,25,No,2025-13-45,2.0
1274,56.0,HR,6925.14,21,No,2025-13-45,3.0
1275,37.0,IT,5650.19,6,No,2024-01-17 00:00:00,5.0
1276,62.0,Finance,11536.08,1,No,2023-07-15 00:00:00,5.0
1277,57.0,Sales,9872.45,-2,No,2021-01-20 00:00:00,4.0
1278,54.0,Saless,4261.02,6,Y,2022-02-13 00:00:00,5.0
1279,25.0,HR,10816.21,25,No,2022-04-27 00:00:00,1.0
1280,54.0,Sales,7386.88,13,N,2021-01-21 00:00:00,5.0
1281,,IT,11050.97,25,No,2025-13-45,4.0
1282,42.0,HR,10198.7,17,No,2020-09-15 00:00:00,3.0
1283,41.0,Sales,6826.92,14,No,2025-13-45,3.0
1284,nan years,HR,3202.22,-4,No,2020-02-09 00:00:00,5.0
1285,28.0,Sales,5418.1,9,Y,2021-04-30 00:00:00,
1286,24.0,Sales,7874.71,22,No,2022-07-17 00:00:00,3.0
1287,38.0,Sales,8701.3,-2,No,2020-08-07 00:00:00,5.0
1288,,IT,5320.99,16,No,2023-02-26 00:00:00,4.0
1289,33.0,IT,4254.2,7,Yes,2022-10-11 00:00:00,5.0
1290,43.0,HR,10514.37,10,No,2025-13-45,3.0
1291,43.0,Saless,246435.8104538336,28,Yes,2021-09-04 00:00:00,
1292,51.0,Sales,7731.21,2,No,2025-13-45,5.0
1293,59.0,IT,4545.11,26,N,2021-11-18 00:00:00,1.0
1294,,Saless,5450.77,-9,No,2025-13-45,4.0
1295,29.0,IT,3165.52,8,No,2025-13-45,1.0
1296,48.0,Sales,290352.67609920766,-8,No,2022-09-16 00:00:00,2.0
1297,48.0,HR,4059.76,8,Yes,2022-08-23 00:00:00,4.0
1298,55.0,Sales,8188.65,6,Yes,2020-12-31 00:00:00,
1299,42.0,Saless,5466.5,8,No,2025-13-45,3.0
1300,51.0,Finance,7987.6,17,N,2021-10-10 00:00:00,3.0
1301,54.0,IT,8862.78,11,No,2025-13-45,2.0
1302,49.0,Saless,10467.68,7,No,2022-11-05 00:00:00,4.0
1303,54.0,Sales,274693.0697484095,7,Yes,2023-02-26 00:00:00,4.0
1304,26.0,Finance,3098.96,17,No,2021-07-28 00:00:00,
1305,40.0,Finance,4231.97,27,No,2023-02-06 00:00:00,2.0
1306,25.0 years,It ,11100.17,-8,No,2022-10-09 00:00:00,4.0
1307,56.0,Finance,10865.01,19,No,2021-10-31 00:00:00,3.0
1308,38.0,HR,8376.72,-4,N,2020-09-25 00:00:00,1.0
1309,,Finance,8404.65,14,No,2023-03-31 00:00:00,3.0
1310,51.0,HR,8985.33,26,Yes,2023-07-07 00:00:00,
1311,50.0,IT,4578.34,6,Yes,2025-13-45,1.0
1312,27.0,It ,11229.71,-5,No,2023-01-30 00:00:00,3.0
1313,56.0,IT,6768.93,-4,No,2020-09-03 00:00:00,
1314,62.0,IT,6448.25,15,Yes,2020-05-10 00:00:00,1.0
1315,58.0,It ,7670.26,3,No,2025-13-45,3.0
1316,45.0,HR,3422.69,5,No,2025-13-45,5.0
1317,50.0,HR,4496.55,25,No,2022-07-18 00:00:00,3.0
1318,52.0,IT,9642.3,21,No,2023-11-06 00:00:00,
1319,56.0,Finance,3745.19,25,No,2025-13-45,
1320,,Sales,8428.37,2,No,2021-10-06 00:00:00,3.0
1321,42.0,IT,5208.14,8,Yes,2020-08-14 00:00:00,4.0
1322,53.0,Finance,6503.66,-9,No,2021-12-01 00:00:00,5.0
1323,44.0,Sales,5598.24,9,No,2025-13-45,3.0
1324,,IT,6201.05,-2,No,2025-13-45,1.0
1325,24.0,IT,311692.1295719143,10,No,2023-10-27 00:00:00,4.0
1326,nan years,HR,5674.1,-8,No,2025-13-45,5.0
1327,46.0,Saless,8097.64,-2,No,2025-13-45,1.0
1328,63.0,Sales,7284.45,11,No,2020-07-29 00:00:00,1.0
1329,52.0,Finance,8973.04,-1,No,2023-11-01 00:00:00,
1330,,HR,276399.12976698857,-3,No,2023-11-19 00:00:00,1.0
1331,61.0,HR,9593.15,12,Yes,2025-13-45,3.0
1332,45.0,HR,346685.2779315356,-9,No,2025-13-45,3.0
1333,53.0,HR,3280.65,-3,No,2025-13-45,3.0
1334,43.0,Sales,322222.3644064056,18,No,2021-04-01 00:00:00,5.0
1335,,Saless,8355.7,25,Yes,2021-12-25 00:00:00,5.0
1336,23.0,IT,3462.83,18,No,2023-06-03 00:00:00,
1337,48.0,IT,7467.3,22,No,2022-09-08 00:00:00,
1338,63.0,HR,8371.59,13,No,2023-02-28 00:00:00,5.0
1339,,HR,495970.84723379795,-9,No,2025-13-45,
1340,47.0,HR,9938.21,12,Yes,2021-04-20 00:00:00,3.0
1341,38.0,IT,3959.38,7,No,2022-09-12 00:00:00,2.0
1342,61.0,Finance,3676.24,28,No,2023-07-24 00:00:00,2.0
1343,,Finance,9553.7,22,No,2025-13-45,5.0
1344,30.0,IT,7459.42,20,No,2023-05-26 00:00:00,
1345,,IT,9195.62,22,Yes,2020-07-08 00:00:00,2.0
1346,60.0,It ,6913.45,18,Y,2023-12-11 00:00:00,1.0
1347,50.0,IT,5217.62,11,Yes,2025-13-45,
1348,63.0,IT,10371.92,-7,No,2021-06-29 00:00:00,1.0
1349,47.0,IT,10194.74,-1,N,2020-02-10 00:00:00,3.0
1350,56.0,HR,9252.27,-5,N,2020-11-02 00:00:00,3.0
1351,46.0,HR,5449.31,18,No,2022-07-31 00:00:00,2.0
1352,45.0,HR,8312.08,-9,No,2025-13-45,
1353,34.0,HR,6248.77,-3,Yes,2023-08-30 00:00:00,1.0
1354,28.0,IT,3824.24,23,Yes,2023-01-03 00:00:00,3.0
1355,57.0,Finance,11255.82,-9,No,2022-08-10 00:00:00,1.0
1356,,Sales,4231.37,26,No,2020-10-05 00:00:00,4.0
1357,22.0,IT,11552.14,2,No,2023-04-14 00:00:00,1.0
1358,,Saless,7014.05,27,No,2022-06-14 00:00:00,
1359,37.0 years,Finence,4666.2,9,No,2025-13-45,1.0
1360,35.0,HR,7877.11,18,No,2022-04-16 00:00:00,
1361,33.0 years,Finance,10856.51,2,N,2021-09-11 00:00:00,5.0
1362,44.0,IT,9590.02,-5,No,2022-05-11 00:00:00,5.0
1363,36.0,HR,10259.05,-9,Y,2022-07-19 00:00:00,4.0
1364,49.0,IT,8929.05,21,Yes,2020-10-15 00:00:00,1.0
1365,55.0,H R,9230.49,14,No,2025-13-45,
1366,23.0,Sales,10642.76,0,No,2022-06-11 00:00:00,4.0
1367,,Sales,5247.01,6,No,2025-13-45,
1368,44.0,Sales,7404.82,11,Yes,2022-12-25 00:00:00,
1369,43.0,Finance,4990.88,-6,No,2021-04-27 00:00:00,
1370,46.0,IT,11889.01,29,No,2022-07-24 00:00:00,2.0
1371,43.0,Finance,11496.53,20,N,2020-09-04 00:00:00,4.0
1372,43.0,Sales,3354.84,25,No,2020-06-04 00:00:00,
1373,,IT,9350.18,28,No,2025-13-45,
1374,27.0,Sales,11327.23,-9,No,2021-03-29 00:00:00,
1375,36.0,Finance,4625.18,19,No,2020-07-19 00:00:00,4.0
1376,64.0,Finence,8111.51,4,No,2020-05-03 00:00:00,5.0
1377,58.0,Finance,11239.39,-7,No,2025-13-45,5.0
1378,54.0,Sales,3305.51,27,No,2022-08-25 00:00:00,2.0
1379,,IT,9276.78,11,No,2022-05-04 00:00:00,5.0
1380,26.0,IT,5676.14,29,No,2021-10-01 00:00:00,5.0
1381,60.0,Saless,11319.57,19,Yes,2020-07-09 00:00:00,3.0
1382,,IT,11739.52,-7,No,2021-05-30 00:00:00,3.0
1383,27.0,Sales,11498.4,23,No,2021-03-17 00:00:00,
1384,53.0,IT,7267.93,17,Yes,2020-05-22 00:00:00,
1385,51.0,HR,10758.38,16,Yes,2023-04-29 00:00:00,2.0
1386,56.0,HR,10600.94,-8,No,2021-06-16 00:00:00,2.0
1387,,Finance,5871.9,8,No,2020-08-14 00:00:00,4.0
1388,37.0,HR,10460.24,3,No,2023-08-29 00:00:00,
1389,,HR,3333.07,25,Y,2022-08-06 00:00:00,
1390,63.0,HR,8366.43,20,Y,2023-08-18 00:00:00,2.0
1391,,Sales,5070.08,-7,No,2025-13-45,
1392,40.0,HR,4085.1,3,No,2023-11-25 00:00:00,5.0
1393,38.0 years,HR,3692.58,-9,No,2021-07-04 00:00:00,4.0
1394,40.0,Finence,9266.6,14,No,2021-01-27 00:00:00,
1395,49.0,HR,6058.87,1,N,2025-13-45,
1396,47.0,HR,9522.9,3,No,2023-05-15 00:00:00,3.0
1397,58.0,IT,3588.21,5,No,2020-07-28 00:00:00,5.0
1398,47.0,Finence,5837.61,6,No,2023-02-12 00:00:00,5.0
1399,,Finance,7855.42,9,No,2021-10-07 00:00:00,1.0
1400,30.0,Finance,10116.51,-9,No,2025-13-45,
1401,33.0,Finance,5868.77,-6,N,2020-08-06 00:00:00,1.0
1402,22.0,Finance,8633.02,25,Yes,2021-02-10 00:00:00,5.0
1403,22.0,Finance,10973.8,-7,No,2024-01-06 00:00:00,
1404,55.0,Saless,8542.77,28,Yes,2025-13-45,5.0
1405,53.0,HR,5096.64,11,No,2022-06-06 00:00:00,3.0
1406,,Finance,3219.61,2,No,2025-13-45,5.0
1407,,HR,10830.89,12,No,2021-07-03 00:00:00,
1408,22.0,HR,3191.42,17,No,2020-05-21 00:00:00,1.0
1409,37.0,Sales,10872.32,7,No,2021-09-03 00:00:00,1.0
1410,,Finance,7760.43,20,No,2025-13-45,1.0
1411,26.0,IT,11451.61,14,Yes,2022-04-19 00:00:00,
1412,43.0,Sales,10189.05,-2,No,2021-12-02 00:00:00,2.0
1413,50.0,IT,11981.41,2,No,2021-08-18 00:00:00,4.0
1414,24.0,H R,6156.41,25,Yes,2020-10-07 00:00:00,4.0
1415,,HR,9904.69,7,N,2021-02-27 00:00:00,4.0
1416,47.0,Sales,6617.38,-9,N,2022-05-05 00:00:00,2.0
1417,37.0,Sales,7318.88,-1,No,2020-09-26 00:00:00,2.0
1418,58.0,IT,8647.55,29,No,2020-06-02 00:00:00,4.0
1419,43.0,Finance,10863.09,22,Yes,2025-13-45,4.0
1420,50.0,IT,11856.75,9,No,2021-10-23 00:00:00,5.0
1421,35.0,Sales,9914.46,11,Y,2020-03-23 00:00:00,4.0
1422,49.0,IT,6759.9,13,No,2025-13-45,5.0
1423,26.0 years,Sales,6792.21,13,No,2022-06-17 00:00:00,3.0
1424,51.0,IT,216777.9050384677,1,No,2023-12-20 00:00:00,2.0
1425,26.0,Sales,5148.99,-1,N,2023-07-22 00:00:00,
1426,,Sales,3994.27,4,Yes,2020-10-10 00:00:00,2.0
1427,,Sales,6191.6,4,Yes,2025-13-45,2.0
1428,47.0,Finance,5585.15,5,Yes,2020-06-21 00:00:00,2.0
1429,47.0,IT,5666.77,12,No,2025-13-45,3.0
1430,42.0,IT,5102.47,8,Yes,2022-12-22 00:00:00,1.0
1431,,IT,3378.84,29,No,2025-13-45,4.0
1432,57.0,Sales,3160.87,21,No,2022-02-01 00:00:00,1.0
1433,54.0 years,IT,11889.5,27,N,2023-10-30 00:00:00,1.0
1434,51.0,IT,6849.96,-3,Yes,2021-09-24 00:00:00,1.0
1435,58.0,Saless,6458.94,-6,No,2022-02-25 00:00:00,2.0
1436,,H R,9116.83,13,No,2022-07-31 00:00:00,5.0
1437,31.0,Sales,4964.28,23,N,2025-13-45,
1438,26.0,IT,242654.41291620547,6,No,2021-02-01 00:00:00,
1439,57.0,Sales,10077.11,24,Yes,2023-02-17 00:00:00,1.0
1440,55.0,H R,3804.7,19,No,2025-13-45,
1441,52.0,Sales,6758.23,1,No,2023-12-31 00:00:00,1.0
1442,31.0,IT,10912.06,-5,No,2021-11-06 00:00:00,5.0
1443,,H R,11502.59,-2,N,2022-07-24 00:00:00,4.0
1444,53.0 years,Finance,7206.61,16,No,2021-04-09 00:00:00,1.0
1445,22.0,IT,8520.7,-9,N,2020-10-12 00:00:00,
1446,nan years,HR,4503.31,24,No,2020-09-21 00:00:00,4.0
1447,,HR,11920.52,24,No,2025-13-45,3.0
1448,37.0,Finance,5085.05,27,No,2025-13-45,1.0
1449,,Sales,11484.59,-4,No,2023-10-31 00:00:00,
1450,37.0,Sales,8846.82,2,N,2022-03-30 00:00:00,3.0
1451,23.0,IT,8469.63,4,Yes,2020-03-29 00:00:00,
1452,49.0,Finance,7614.2,4,Yes,2023-05-11 00:00:00,1.0
1453,53.0,Sales,5076.03,0,No,2025-13-45,
1454,48.0,Finance,4588.75,-4,No,2022-09-27 00:00:00,
1455,41.0,Sales,4984.38,11,No,2020-11-29 00:00:00,4.0
1456,,H R,4677.94,23,No,2025-13-45,4.0
1457,33.0,Sales,10016.26,3,No,2020-02-10 00:00:00,4.0
1458,56.0,Finance,6151.13,12,Yes,2025-13-45,2.0
1459,54.0,HR,3520.58,22,No,2022-09-14 00:00:00,3.0
1460,nan years,HR,11721.92,-5,Yes,2021-05-28 00:00:00,
1461,64.0,HR,10954.07,10,No,2023-02-24 00:00:00,3.0
1462,,Finance,11349.77,9,No,2023-07-02 00:00:00,1.0
1463,,IT,11954.17,2,Yes,2021-11-25 00:00:00,4.0
1464,24.0,IT,4565.06,21,No,2022-11-05 00:00:00,
1465,22.0,IT,6566.18,13,No,2021-04-21 00:00:00,5.0
1466,,Finance,9824.15,15,No,2022-12-21 00:00:00,1.0
1467,,HR,9264.19,-8,No,2022-05-30 00:00:00,2.0
1468,nan years,IT,4385.06,28,No,2025-13-45,
1469,64.0,Finence,10342.5,9,Yes,2020-09-24 00:00:00,5.0
1470,,IT,5019.97,11,Yes,2022-11-24 00:00:00,
1471,,Sales,215847.76817258075,29,Yes,2025-13-45,
1472,33.0,IT,7832.77,8,N,2021-05-08 00:00:00,3.0
1473,52.0,IT,8336.46,0,No,2024-02-01 00:00:00,
1474,23.0,HR,8220.78,4,No,2025-13-45,2.0
1475,56.0,Finance,3823.38,19,Yes,2023-09-10 00:00:00,
1476,,HR,10897.15,7,No,2023-08-20 00:00:00,5.0
1477,38.0,HR,5390.4,10,No,2023-07-23 00:00:00,3.0
1478,47.0,HR,4165.63,11,No,2022-10-09 00:00:00,5.0
1479,29.0 years,HR,10998.73,-4,No,2023-05-09 00:00:00,5.0
1480,50.0,HR,11600.86,24,No,2024-01-08 00:00:00,
1481,47.0,IT,10759.15,21,Yes,2023-09-09 00:00:00,4.0
1482,31.0,H R,10285.64,-5,No,2025-13-45,3.0
1483,,HR,387752.35849471274,27,No,2025-13-45,
1484,55.0,Finence,7957.72,24,No,2021-04-26 00:00:00,4.0
1485,62.0 years,Sales,3782.88,10,No,2021-12-28 00:00:00,1.0
1486,28.0,IT,6676.08,4,N,2021-04-24 00:00:00,
1487,25.0,IT,6354.2,-4,No,2025-13-45,5.0
1488,,IT,5337.78,4,No,2022-10-28 00:00:00,
1489,50.0,HR,9510.78,11,No,2025-13-45,
1490,57.0,H R,7462.88,4,No,2020-12-08 00:00:00,3.0
1491,46.0,HR,3729.42,16,No,2025-13-45,4.0
1492,42.0,Finance,4981.65,16,N,2025-13-45,5.0
1493,57.0 years,Sales,9149.33,23,No,2020-11-27 00:00:00,2.0
1494,31.0,HR,3685.18,11,N,2021-03-13 00:00:00,
1495,58.0,Saless,10660.86,23,Yes,2020-06-22 00:00:00,5.0
1496,30.0,Finance,7456.32,27,No,2021-07-12 00:00:00,4.0
1497,45.0,IT,7325.28,-6,No,2021-06-10 00:00:00,1.0
1498,56.0,H R,8331.67,-3,No,2021-10-20 00:00:00,3.0
1499,56.0,Saless,10422.13,5,N,2025-13-45,2.0
1500,,Saless,6130.28,11,No,2022-03-30 00:00:00,3.0
1498,56.0,H R,8331.67,-3,No,2021-10-20 00:00:00,3.0
1337,48.0,IT,7467.3,22,No,2022-09-08 00:00:00,
1414,24.0,H R,6156.41,25,Yes,2020-10-07 00:00:00,4.0
1405,53.0,HR,5096.64,11,No,2022-06-06 00:00:00,3.0
1060,50.0,HR,3466.41,23,Yes,2020-04-22 00:00:00,1.0
1397,58.0,IT,3588.21,5,N,2020-07-28 00:00:00,5.0
1257,45.0,Sales,3117.02,19,No,2021-05-18 00:00:00,
1065,57.0,HR,5901.18,18,No,2023-02-10 00:00:00,
1239,63.0,IT,5079.67,-7,Yes,2025-13-45,2.0
1289,33.0,IT,4254.2,7,Yes,2022-10-11 00:00:00,5.0
1038,60.0,Finance,10789.56,-5,N,2025-13-45,5.0
1025,33.0,IT,5213.62,26,Yes,2023-02-16 00:00:00,4.0
1410,,Finance,7760.43,20,No,2025-13-45,1.0
1461,64.0,HR,10954.07,10,No,2023-02-24 00:00:00,3.0
1059,25.0,Saless,7793.3,27,No,2020-07-01 00:00:00,
1476,,HR,10897.15,7,No,2023-08-20 00:00:00,5.0
1417,37.0,Sales,7318.88,-1,No,2020-09-26 00:00:00,2.0
1357,22.0,IT,11552.14,2,No,2023-04-14 00:00:00,1.0
1383,27.0,Sales,11498.4,23,No,2021-03-17 00:00:00,
1297,48.0,HR,4059.76,8,Y,2022-08-23 00:00:00,4.0
1158,46.0,Saless,11302.49,-8,No,2020-07-17 00:00:00,4.0
1057,,HR,4389.26,7,N,2025-13-45,5.0
1433,54.0,IT,11889.5,27,No,2023-10-30 00:00:00,1.0
1048,28.0,Sales,4683.39,-7,No,2023-01-04 00:00:00,1.0
1328,63.0,Sales,7284.45,11,No,2020-07-29 00:00:00,1.0
1433,54.0,IT,11889.5,27,No,2023-10-30 00:00:00,1.0
1431,,IT,3378.84,29,No,2025-13-45,4.0
1056,23.0 years,Sales,8231.14,16,No,2021-03-07 00:00:00,1.0
1065,57.0,HR,5901.18,18,No,2023-02-10 00:00:00,
1268,56.0,Sales,6417.23,12,Yes,2021-07-12 00:00:00,
