EmployeeID,Age,Department,MonthlyIncome,YearsAtCompany,Attrition,LastPromotionDate,SatisfactionScore,AgeGroup,IncomeBand,TenureGroup,PromotionYear
1001,60,IT,4903.03,5,No,2022-12-29,5,50+,Low,Established,2022
1002,45,Sales,5947.48,7,Yes,2023-05-19,5,40 - 49,Mid,Established,2023
1003,36,HR,4077.86,26,No,2023-01-29,3,30 - 39,Low,Veteran,2023
1004,64,Finance,11014.75,12,Yes,2021-11-28,4,50+,High,Veteran,2021
1005,29,Finance,8342.33,12,No,2021-11-28,1,Under 30,Mid,Veteran,2021
1006,42,HR,9111.92,8,Yes,2023-11-05,3,40 - 49,Mid,Established,2023
1007,45,IT,10102.54,7,No,2023-03-01,3,40 - 49,High,Established,2023
1008,40,Finance,7485.98,23,No,2022-11-09,4,40 - 49,Mid,Veteran,2022
1009,44,Sales,3782.28,18,Yes,2021-06-19,4,40 - 49,Low,Veteran,2021
1010,32,Finance,7833.96,8,Yes,2022-10-10,3,30 - 39,Mid,Established,2022
1011,45,Sales,8281.57,8,Yes,2020-08-14,4,40 - 49,Mid,Established,2020
1012,45,HR,9708.96,27,No,2023-03-23,4,40 - 49,Mid,Veteran,2023
1013,57,Sales,6884.94,6,No,2024-02-01,3,50+,Mid,Established,2024
1014,61,HR,4148.22,26,No,2022-04-01,3,50+,Low,Veteran,2022
1015,45,Sales,5553.98,26,No,2022-05-20,4,40 - 49,Mid,Veteran,2022
1016,24,HR,6267.74,15,No,2021-02-08,3,Under 30,Mid,Veteran,2021
1017,43,Sales,8813.26,2,Yes,2020-07-20,2,40 - 49,Mid,Growing,2020
1018,23,IT,8137.0,6,No,2020-02-07,3,Under 30,Mid,Established,2020
1019,45,Sales,6204.87,10,No,2022-07-30,1,40 - 49,Mid,Veteran,2022
1020,51,Sales,11878.64,12,No,2020-07-06,1,50+,High,Veteran,2020
1021,59,IT,8451.97,24,No,2022-12-16,3,50+,Mid,Veteran,2022
1022,45,Finance,5135.04,20,No,2022-07-29,3,40 - 49,Mid,Veteran,2022
1023,42,Finance,3916.04,9,No,2022-11-09,3,40 - 49,Low,Established,2022
1024,54,Sales,17445.17,1,No,2021-11-28,3,50+,High,New,2021
1025,33,IT,5213.62,26,Yes,2023-02-16,4,30 - 39,Mid,Veteran,2023
1026,45,Sales,4446.13,5,Yes,2021-11-28,2,40 - 49,Low,Established,2021
1027,45,HR,4679.1,1,Yes,2021-11-28,3,40 - 49,Low,New,2021
1028,48,HR,5565.86,3,No,2021-11-28,3,40 - 49,Mid,Growing,2021
1029,63,Sales,4560.36,4,No,2021-06-09,3,50+,Low,Growing,2021
1030,49,Finance,11070.89,10,Yes,2020-12-01,2,40 - 49,High,Veteran,2020
1031,45,Finance,3722.1,12,Yes,2021-11-28,1,40 - 49,Low,Veteran,2021
1032,36,Sales,7720.6,25,No,2022-12-14,3,30 - 39,Mid,Veteran,2022
1033,24,Sales,6693.57,3,Yes,2021-05-14,5,Under 30,Mid,Growing,2021
1034,45,HR,11841.41,18,No,2022-06-18,5,40 - 49,High,Veteran,2022
1035,45,Finance,4008.35,22,No,2022-02-04,1,40 - 49,Low,Veteran,2022
1036,42,Sales,6580.7,9,No,2021-06-19,3,40 - 49,Mid,Established,2021
1037,30,HR,11725.23,9,No,2021-11-28,3,30 - 39,High,Established,2021
1038,60,Finance,10789.56,5,No,2021-11-28,5,50+,High,Established,2021
1039,39,IT,10353.65,20,No,2020-06-07,4,30 - 39,High,Veteran,2020
1040,25,HR,5321.13,1,Yes,2023-04-26,1,Under 30,Mid,New,2023
1041,45,Finance,4537.99,6,No,2021-11-28,5,40 - 49,Low,Established,2021
1042,35,Finance,9017.79,17,No,2021-11-28,5,30 - 39,Mid,Veteran,2021
1043,30,HR,11364.38,3,No,2023-09-04,1,30 - 39,High,Growing,2023
1044,47,IT,8010.87,1,No,2020-07-29,1,40 - 49,Mid,New,2020
1045,23,HR,8144.51,6,Yes,2021-02-09,3,Under 30,Mid,Established,2021
1046,41,Finance,5519.81,12,No,2021-10-25,4,40 - 49,Mid,Veteran,2021
1047,49,Sales,9925.44,28,No,2023-02-06,3,40 - 49,Mid,Veteran,2023
1048,28,Sales,4683.39,7,No,2023-01-04,1,Under 30,Low,Established,2023
1049,29,HR,5913.11,6,No,2021-06-25,2,Under 30,Mid,Established,2021
1050,56,Finance,6828.93,1,No,2021-11-28,5,50+,Mid,New,2021
1051,45,Sales,7568.49,3,No,2022-09-24,3,40 - 49,Mid,Growing,2022
1052,45,Finance,5181.69,13,No,2021-11-28,1,40 - 49,Mid,Veteran,2021
1053,57,HR,4033.53,4,No,2021-11-28,2,50+,Low,Growing,2021
1054,61,Sales,8495.58,16,Yes,2022-05-17,3,50+,Mid,Veteran,2022
1055,45,Finance,5597.67,3,No,2020-01-19,1,40 - 49,Mid,Growing,2020
1056,23,Sales,8231.14,16,No,2021-03-07,1,Under 30,Mid,Veteran,2021
1057,45,HR,4389.26,7,No,2021-11-28,5,40 - 49,Low,Established,2021
1058,63,Finance,7330.26,1,No,2023-10-05,1,50+,Mid,New,2023
1059,25,Sales,7793.3,27,No,2020-07-01,3,Under 30,Mid,Veteran,2020
1060,50,HR,3466.41,23,Yes,2020-04-22,1,50+,Low,Veteran,2020
1061,39,Sales,6029.44,12,No,2021-11-28,3,30 - 39,Mid,Veteran,2021
1062,47,Sales,4209.73,1,Yes,2021-04-25,3,40 - 49,Low,New,2021
1063,45,IT,3570.37,15,No,2023-03-15,3,40 - 49,Low,Veteran,2023
1064,31,IT,11909.64,5,No,2021-11-28,3,30 - 39,High,Established,2021
1065,57,HR,5901.18,18,No,2023-02-10,3,50+,Mid,Veteran,2023
1066,35,IT,10288.87,29,No,2022-02-01,3,30 - 39,High,Veteran,2022
1067,52,HR,5291.77,6,No,2021-11-28,3,50+,Mid,Established,2021
1068,45,IT,9133.52,9,No,2021-11-28,3,40 - 49,Mid,Established,2021
1069,29,Sales,9842.05,8,No,2021-11-28,5,Under 30,Mid,Established,2021
1070,35,HR,8360.75,8,No,2022-08-28,3,30 - 39,Mid,Established,2022
1071,44,HR,7244.19,27,No,2021-11-28,3,40 - 49,Mid,Veteran,2021
1072,61,Sales,6706.57,27,No,2023-02-15,3,50+,Mid,Veteran,2023
1073,42,HR,6139.81,14,No,2020-06-09,3,40 - 49,Mid,Veteran,2020
1074,37,HR,11365.76,29,No,2021-02-04,4,30 - 39,High,Veteran,2021
1075,45,IT,10475.57,2,No,2021-11-28,3,40 - 49,High,Growing,2021
1076,45,HR,11685.24,28,No,2021-11-28,5,40 - 49,High,Veteran,2021
1077,45,Finance,4118.68,21,No,2021-10-21,3,40 - 49,Low,Veteran,2021
1078,46,Sales,9577.81,1,No,2022-12-06,3,40 - 49,Mid,New,2022
1079,62,IT,11445.06,19,No,2021-02-02,5,50+,High,Veteran,2021
1080,50,IT,4631.1,8,No,2021-11-28,1,50+,Low,Established,2021
1081,45,Finance,3598.47,17,No,2020-05-03,3,40 - 49,Low,Veteran,2020
1082,22,Sales,9670.09,7,No,2020-03-15,3,Under 30,Mid,Established,2020
1083,46,Sales,8170.26,26,Yes,2020-05-16,4,40 - 49,Mid,Veteran,2020
1084,28,IT,10576.46,16,No,2021-08-24,3,Under 30,High,Veteran,2021
1085,30,HR,4257.95,11,Yes,2023-11-24,3,30 - 39,Low,Veteran,2023
1086,45,IT,10157.41,21,No,2021-11-28,1,40 - 49,High,Veteran,2021
1087,22,Sales,17445.17,16,No,2021-05-14,3,Under 30,High,Veteran,2021
1088,45,Finance,4472.9,7,No,2020-05-17,5,40 - 49,Low,Established,2020
1089,45,IT,4478.39,4,No,2021-11-28,1,40 - 49,Low,Growing,2021
1090,45,Sales,10331.17,0,No,2022-08-30,4,40 - 49,High,New,2022
1091,45,IT,8986.77,9,No,2020-09-10,2,40 - 49,Mid,Established,2020
1092,45,HR,7707.59,25,No,2021-12-10,2,40 - 49,Mid,Veteran,2021
1093,56,IT,6229.47,23,No,2021-11-28,2,50+,Mid,Veteran,2021
1094,56,IT,10894.8,26,Yes,2022-01-26,3,50+,High,Veteran,2022
1095,54,Sales,6532.01,17,Yes,2023-12-20,1,50+,Mid,Veteran,2023
1096,45,Sales,10349.39,6,No,2021-06-30,4,40 - 49,High,Established,2021
1097,63,Sales,6952.21,13,No,2021-11-28,2,50+,Mid,Veteran,2021
1098,60,IT,6392.5,14,No,2022-07-10,5,50+,Mid,Veteran,2022
1099,62,HR,7164.12,28,No,2021-08-03,3,50+,Mid,Veteran,2021
1100,49,Finance,5712.4,11,No,2023-10-04,3,40 - 49,Mid,Veteran,2023
1101,28,Finance,9728.48,2,No,2020-02-18,4,Under 30,Mid,Growing,2020
1102,30,Sales,7524.48,26,No,2021-11-28,3,30 - 39,Mid,Veteran,2021
1103,29,Sales,5089.91,2,No,2021-11-28,1,Under 30,Mid,Growing,2021
1104,33,IT,11096.17,19,No,2021-12-04,3,30 - 39,High,Veteran,2021
1105,55,Finance,6455.02,28,No,2020-09-17,2,50+,Mid,Veteran,2020
1106,54,Sales,7891.98,11,No,2020-12-21,3,50+,Mid,Veteran,2020
1107,44,HR,11158.25,6,Yes,2021-11-28,1,40 - 49,High,Established,2021
1108,45,HR,8618.14,1,No,2021-09-29,2,40 - 49,Mid,New,2021
1109,45,Sales,4052.08,10,No,2022-01-12,3,40 - 49,Low,Veteran,2022
1110,45,Sales,11458.49,0,No,2023-08-11,1,40 - 49,High,New,2023
1111,61,Finance,8649.37,5,Yes,2022-10-06,2,50+,Mid,Established,2022
1112,43,Finance,6014.15,14,No,2021-11-28,3,40 - 49,Mid,Veteran,2021
1113,45,IT,4253.45,1,Yes,2021-10-02,3,40 - 49,Low,New,2021
1114,56,Finance,10146.23,18,Yes,2021-11-28,3,50+,High,Veteran,2021
1115,22,HR,8580.65,10,No,2023-08-29,5,Under 30,Mid,Veteran,2023
1116,45,HR,7801.15,25,No,2021-09-03,2,40 - 49,Mid,Veteran,2021
1117,58,Sales,11045.03,22,No,2022-03-19,2,50+,High,Veteran,2022
1118,35,Finance,10097.37,25,No,2023-04-20,3,30 - 39,High,Veteran,2023
1119,45,IT,4365.07,9,No,2021-11-16,1,40 - 49,Low,Established,2021
1120,22,HR,5805.5,13,No,2023-10-19,3,Under 30,Mid,Veteran,2023
1121,26,HR,5236.4,1,Yes,2020-07-06,4,Under 30,Mid,New,2020
1122,47,IT,9695.52,28,No,2022-09-11,3,40 - 49,Mid,Veteran,2022
1123,35,IT,17445.17,3,No,2021-11-28,4,30 - 39,High,Growing,2021
1124,60,HR,8129.01,16,No,2021-12-25,3,50+,Mid,Veteran,2021
1125,45,HR,9862.13,2,No,2022-07-14,5,40 - 49,Mid,Growing,2022
1126,45,IT,10890.89,4,No,2021-11-28,2,40 - 49,High,Growing,2021
1127,36,HR,6078.74,8,Yes,2021-11-28,5,30 - 39,Mid,Established,2021
1128,45,Sales,10391.32,6,No,2021-11-28,3,40 - 49,High,Established,2021
1129,45,Sales,3995.69,14,No,2021-02-17,2,40 - 49,Low,Veteran,2021
1130,63,IT,10618.07,22,Yes,2023-09-27,3,50+,High,Veteran,2023
1131,34,Finance,4147.4,28,No,2021-11-28,1,30 - 39,Low,Veteran,2021
1132,53,IT,6575.59,28,No,2021-11-28,4,50+,Mid,Veteran,2021
1133,60,IT,17445.17,10,Yes,2020-06-11,3,50+,High,Veteran,2020
1134,45,Finance,4349.26,19,No,2023-05-28,3,40 - 49,Low,Veteran,2023
1135,25,Finance,5063.26,1,No,2020-09-26,1,Under 30,Mid,New,2020
1136,45,Finance,9500.27,14,Yes,2021-09-23,5,40 - 49,Mid,Veteran,2021
1137,58,Sales,9480.33,13,No,2022-06-24,2,50+,Mid,Veteran,2022
1138,44,HR,8770.33,19,No,2021-11-28,3,40 - 49,Mid,Veteran,2021
1139,60,Sales,9245.54,21,No,2021-11-28,3,50+,Mid,Veteran,2021
1140,36,HR,7884.52,10,Yes,2020-07-23,1,30 - 39,Mid,Veteran,2020
1141,64,Sales,5266.19,26,Yes,2021-11-28,1,50+,Mid,Veteran,2021
1142,50,HR,6111.26,2,No,2022-04-20,1,50+,Mid,Growing,2022
1143,57,Sales,4634.38,16,No,2023-06-05,4,50+,Low,Veteran,2023
1144,34,Finance,11176.06,29,No,2021-08-18,3,30 - 39,High,Veteran,2021
1145,45,IT,8250.53,11,No,2020-09-06,3,40 - 49,Mid,Veteran,2020
1146,28,Sales,6607.66,23,No,2022-05-24,3,Under 30,Mid,Veteran,2022
1147,43,HR,7158.05,27,Yes,2021-11-28,4,40 - 49,Mid,Veteran,2021
1148,45,Finance,11525.55,5,No,2021-11-28,3,40 - 49,High,Established,2021
1149,23,Sales,4380.16,20,No,2021-11-20,5,Under 30,Low,Veteran,2021
1150,63,Sales,8276.07,14,No,2022-12-29,1,50+,Mid,Veteran,2022
1151,27,Finance,7553.0,15,No,2021-11-28,5,Under 30,Mid,Veteran,2021
1152,49,Sales,8503.09,4,No,2023-11-23,2,40 - 49,Mid,Growing,2023
1153,49,IT,3162.99,3,No,2021-11-02,3,40 - 49,Low,Growing,2021
1154,41,Sales,10849.12,4,No,2023-05-11,4,40 - 49,High,Growing,2023
1155,51,IT,11389.06,5,No,2023-03-17,2,50+,High,Established,2023
1156,45,IT,8086.2,18,No,2024-02-04,3,40 - 49,Mid,Veteran,2024
1157,49,Finance,9269.86,24,No,2021-11-28,3,40 - 49,Mid,Veteran,2021
1158,46,Sales,11302.49,8,No,2020-07-17,4,40 - 49,High,Established,2020
1159,45,Finance,9365.15,4,Yes,2021-11-28,4,40 - 49,Mid,Growing,2021
1160,54,Sales,4372.85,26,No,2021-05-06,1,50+,Low,Veteran,2021
1161,22,Sales,8186.6,0,Yes,2022-06-14,3,Under 30,Mid,New,2022
1162,45,HR,8460.44,25,No,2020-05-21,3,40 - 49,Mid,Veteran,2020
1163,34,Sales,6817.18,27,No,2023-08-29,3,30 - 39,Mid,Veteran,2023
1164,62,Finance,9628.0,5,No,2020-06-13,1,50+,Mid,Established,2020
1165,24,IT,11409.3,9,No,2020-11-09,4,Under 30,High,Established,2020
1166,45,Sales,11330.12,9,Yes,2020-01-21,3,40 - 49,High,Established,2020
1167,45,HR,7057.55,28,No,2023-01-10,1,40 - 49,Mid,Veteran,2023
1168,29,Finance,4019.14,2,No,2023-02-28,2,Under 30,Low,Growing,2023
1169,48,Sales,11863.57,16,No,2021-11-28,4,40 - 49,High,Veteran,2021
1170,45,Finance,10550.08,24,No,2020-10-31,3,40 - 49,High,Veteran,2020
1171,58,HR,4121.96,23,No,2021-01-05,4,50+,Low,Veteran,2021
1172,45,HR,11287.58,11,No,2021-11-28,5,40 - 49,High,Veteran,2021
1173,63,Finance,10829.07,17,Yes,2021-11-28,1,50+,High,Veteran,2021
1174,45,Sales,7669.54,6,Yes,2021-03-20,1,40 - 49,Mid,Established,2021
1175,36,IT,8321.48,11,No,2021-11-28,4,30 - 39,Mid,Veteran,2021
1176,45,HR,6591.02,15,No,2020-06-09,3,40 - 49,Mid,Veteran,2020
1177,53,Sales,3492.85,26,No,2023-04-16,3,50+,Low,Veteran,2023
1178,45,Sales,6016.78,7,No,2021-09-20,2,40 - 49,Mid,Established,2021
1179,62,IT,10225.68,2,No,2021-11-28,4,50+,High,Growing,2021
1180,33,HR,3041.69,13,No,2021-05-04,2,30 - 39,Low,Veteran,2021
1181,45,HR,6001.49,7,Yes,2022-10-13,3,40 - 49,Mid,Established,2022
1182,23,Sales,6583.52,16,No,2020-11-22,3,Under 30,Mid,Veteran,2020
1183,24,Sales,7836.56,28,No,2021-08-20,3,Under 30,Mid,Veteran,2021
1184,58,IT,11278.7,20,No,2022-10-11,3,50+,High,Veteran,2022
1185,38,IT,6117.11,7,No,2020-10-15,3,30 - 39,Mid,Established,2020
1186,45,HR,6122.58,14,No,2021-08-15,1,40 - 49,Mid,Veteran,2021
1187,23,Finance,9637.51,26,No,2021-07-26,1,Under 30,Mid,Veteran,2021
1188,49,HR,7069.96,13,No,2023-10-09,5,40 - 49,Mid,Veteran,2023
1189,44,Sales,5021.44,9,No,2020-01-28,2,40 - 49,Mid,Established,2020
1190,58,HR,7071.96,19,No,2022-08-11,4,50+,Mid,Veteran,2022
1191,53,Finance,4267.71,6,No,2021-11-28,4,50+,Low,Established,2021
1192,54,IT,17445.17,2,No,2021-02-26,3,50+,High,Growing,2021
1193,22,Finance,7485.31,28,No,2020-06-25,4,Under 30,Mid,Veteran,2020
1194,40,Finance,6770.33,11,No,2021-06-12,1,40 - 49,Mid,Veteran,2021
1195,23,Finance,11233.61,20,No,2022-08-23,5,Under 30,High,Veteran,2022
1196,47,IT,6261.55,6,No,2021-11-28,3,40 - 49,Mid,Established,2021
1197,53,Finance,8225.3,27,No,2021-09-01,5,50+,Mid,Veteran,2021
1198,27,Finance,8690.38,25,Yes,2021-11-28,3,Under 30,Mid,Veteran,2021
1199,53,Finance,3117.85,2,No,2022-05-02,3,50+,Low,Growing,2022
1200,45,Sales,8971.84,19,No,2020-01-22,3,40 - 49,Mid,Veteran,2020
1201,45,Finance,4602.32,13,No,2023-02-09,5,40 - 49,Low,Veteran,2023
1202,38,IT,11649.63,14,No,2022-12-16,4,30 - 39,High,Veteran,2022
1203,45,Finance,4337.96,3,No,2022-12-25,3,40 - 49,Low,Growing,2022
1204,45,Finance,6731.62,7,No,2022-04-21,3,40 - 49,Mid,Established,2022
1205,45,IT,3768.15,13,Yes,2021-11-28,3,40 - 49,Low,Veteran,2021
1206,45,Finance,17445.17,6,Yes,2021-11-28,3,40 - 49,High,Established,2021
1207,45,IT,17445.17,16,No,2021-03-10,2,40 - 49,High,Veteran,2021
1208,45,Finance,8358.47,29,No,2021-09-28,3,40 - 49,Mid,Veteran,2021
1209,32,IT,3603.69,11,No,2023-01-14,2,30 - 39,Low,Veteran,2023
1210,37,Finance,9749.64,19,No,2021-08-10,3,30 - 39,Mid,Veteran,2021
1211,54,Finance,17445.17,5,No,2020-12-09,5,50+,High,Established,2020
1212,30,Sales,11082.49,8,No,2023-08-10,5,30 - 39,High,Established,2023
1213,27,Sales,4846.26,5,Yes,2021-07-24,2,Under 30,Low,Established,2021
1214,37,Finance,4716.19,15,No,2021-11-28,5,30 - 39,Low,Veteran,2021
1215,50,Finance,3328.95,24,No,2021-11-28,2,50+,Low,Veteran,2021
1216,24,HR,7248.6,27,No,2021-07-14,5,Under 30,Mid,Veteran,2021
1217,41,IT,8083.57,21,Yes,2021-11-28,3,40 - 49,Mid,Veteran,2021
1218,57,HR,3591.38,21,No,2021-11-28,2,50+,Low,Veteran,2021
1219,40,Sales,9979.75,1,No,2021-11-28,3,40 - 49,Mid,New,2021
1220,47,Sales,7079.6,20,No,2020-10-03,5,40 - 49,Mid,Veteran,2020
1221,24,Sales,7719.51,1,Yes,2021-06-15,3,Under 30,Mid,New,2021
1222,40,Sales,6966.86,23,No,2023-03-23,4,40 - 49,Mid,Veteran,2023
1223,41,Finance,6606.87,7,No,2021-01-17,2,40 - 49,Mid,Established,2021
1224,53,Sales,8036.76,10,No,2022-12-27,4,50+,Mid,Veteran,2022
1225,28,Finance,4397.16,12,No,2022-06-02,1,Under 30,Low,Veteran,2022
1226,45,Finance,4637.35,16,Yes,2021-11-28,3,40 - 49,Low,Veteran,2021
1227,54,Sales,10756.07,7,No,2021-11-28,3,50+,High,Established,2021
1228,45,Sales,11515.04,20,Yes,2022-01-13,5,40 - 49,High,Veteran,2022
1229,60,IT,6359.78,17,No,2020-07-31,3,50+,Mid,Veteran,2020
1230,39,HR,5436.7,29,No,2020-03-19,4,30 - 39,Mid,Veteran,2020
1231,45,Sales,8796.0,3,No,2021-09-19,3,40 - 49,Mid,Growing,2021
1232,45,IT,6678.61,13,No,2021-08-26,5,40 - 49,Mid,Veteran,2021
1233,45,IT,3228.48,5,Yes,2021-11-28,3,40 - 49,Low,Established,2021
1234,49,HR,4405.37,5,No,2021-11-28,5,40 - 49,Low,Established,2021
1235,46,Finance,9443.75,10,No,2021-11-28,3,40 - 49,Mid,Veteran,2021
1236,44,Sales,8930.32,12,No,2021-11-10,1,40 - 49,Mid,Veteran,2021
1237,52,HR,3243.86,24,No,2020-02-27,3,50+,Low,Veteran,2020
1238,51,Sales,4997.75,0,No,2022-11-15,5,50+,Low,New,2022
1239,63,IT,5079.67,7,Yes,2021-11-28,2,50+,Mid,Established,2021
1240,56,IT,9047.03,5,Yes,2021-03-22,5,50+,Mid,Established,2021
1241,28,Finance,3177.39,8,Yes,2020-03-06,5,Under 30,Low,Established,2020
1242,37,IT,3936.98,7,No,2021-11-28,3,30 - 39,Low,Established,2021
1243,45,IT,10199.24,3,No,2021-11-28,3,40 - 49,High,Growing,2021
1244,23,HR,4606.9,21,No,2023-01-25,3,Under 30,Low,Veteran,2023
1245,22,Sales,8874.71,18,No,2022-10-08,2,Under 30,Mid,Veteran,2022
1246,33,Sales,5143.65,23,No,2020-08-14,2,30 - 39,Mid,Veteran,2020
1247,26,HR,3894.97,8,No,2022-02-12,3,Under 30,Low,Established,2022
1248,45,Finance,5188.55,16,No,2021-11-09,3,40 - 49,Mid,Veteran,2021
1249,45,Sales,9500.4,11,No,2023-12-30,3,40 - 49,Mid,Veteran,2023
1250,30,IT,10701.27,24,No,2021-08-23,3,30 - 39,High,Veteran,2021
1251,45,Sales,10471.98,6,No,2021-01-13,5,40 - 49,High,Established,2021
1252,56,IT,6574.65,14,Yes,2021-11-28,4,50+,Mid,Veteran,2021
1253,40,Finance,9012.77,15,No,2023-12-21,5,40 - 49,Mid,Veteran,2023
1254,45,HR,4844.86,5,No,2021-12-09,4,40 - 49,Low,Established,2021
1255,24,Sales,5638.33,21,No,2021-11-28,3,Under 30,Mid,Veteran,2021
1256,45,HR,11067.02,27,No,2022-02-17,4,40 - 49,High,Veteran,2022
1257,45,Sales,3117.02,19,No,2021-05-18,3,40 - 49,Low,Veteran,2021
1258,54,IT,3769.58,0,No,2020-09-24,3,50+,Low,New,2020
1259,45,HR,4870.98,9,No,2020-01-08,4,40 - 49,Low,Established,2020
1260,45,Sales,3238.79,7,No,2021-05-22,3,40 - 49,Low,Established,2021
1261,29,IT,4632.92,17,No,2021-04-20,3,Under 30,Low,Veteran,2021
1262,57,HR,8247.37,27,No,2023-08-13,5,50+,Mid,Veteran,2023
1263,45,HR,6792.82,0,No,2020-06-12,2,40 - 49,Mid,New,2020
1264,61,Sales,11034.05,1,Yes,2021-04-29,3,50+,High,New,2021
1265,41,Sales,10356.99,0,No,2022-12-31,4,40 - 49,High,New,2022
1266,56,Sales,6076.36,1,No,2021-07-20,3,50+,Mid,New,2021
1267,46,IT,5334.81,6,No,2022-06-23,3,40 - 49,Mid,Established,2022
1268,56,Sales,6417.23,12,Yes,2021-07-12,3,50+,Mid,Veteran,2021
1269,46,HR,8312.65,29,Yes,2021-11-28,3,40 - 49,Mid,Veteran,2021
1270,50,HR,5412.57,8,No,2023-02-01,4,50+,Mid,Established,2023
1271,39,Sales,8617.34,12,No,2023-05-18,2,30 - 39,Mid,Veteran,2023
1272,45,Sales,6684.7,1,No,2021-07-07,3,40 - 49,Mid,New,2021
1273,23,Finance,7968.42,25,No,2021-11-28,2,Under 30,Mid,Veteran,2021
1274,56,HR,6925.14,21,No,2021-11-28,3,50+,Mid,Veteran,2021
1275,37,IT,5650.19,6,No,2024-01-17,5,30 - 39,Mid,Established,2024
1276,62,Finance,11536.08,1,No,2023-07-15,5,50+,High,New,2023
1277,57,Sales,9872.45,2,No,2021-01-20,4,50+,Mid,Growing,2021
1278,54,Sales,4261.02,6,Yes,2022-02-13,5,50+,Low,Established,2022
1279,25,HR,10816.21,25,No,2022-04-27,1,Under 30,High,Veteran,2022
1280,54,Sales,7386.88,13,No,2021-01-21,5,50+,Mid,Veteran,2021
1281,45,IT,11050.97,25,No,2021-11-28,4,40 - 49,High,Veteran,2021
1282,42,HR,10198.7,17,No,2020-09-15,3,40 - 49,High,Veteran,2020
1283,41,Sales,6826.92,14,No,2021-11-28,3,40 - 49,Mid,Veteran,2021
1284,45,HR,3202.22,4,No,2020-02-09,5,40 - 49,Low,Growing,2020
1285,28,Sales,5418.1,9,Yes,2021-04-30,3,Under 30,Mid,Established,2021
1286,24,Sales,7874.71,22,No,2022-07-17,3,Under 30,Mid,Veteran,2022
1287,38,Sales,8701.3,2,No,2020-08-07,5,30 - 39,Mid,Growing,2020
1288,45,IT,5320.99,16,No,2023-02-26,4,40 - 49,Mid,Veteran,2023
1289,33,IT,4254.2,7,Yes,2022-10-11,5,30 - 39,Low,Established,2022
1290,43,HR,10514.37,10,No,2021-11-28,3,40 - 49,High,Veteran,2021
1291,43,Sales,17445.17,28,Yes,2021-09-04,3,40 - 49,High,Veteran,2021
1292,51,Sales,7731.21,2,No,2021-11-28,5,50+,Mid,Growing,2021
1293,59,IT,4545.11,26,No,2021-11-18,1,50+,Low,Veteran,2021
1294,45,Sales,5450.77,9,No,2021-11-28,4,40 - 49,Mid,Established,2021
1295,29,IT,3165.52,8,No,2021-11-28,1,Under 30,Low,Established,2021
1296,48,Sales,17445.17,8,No,2022-09-16,2,40 - 49,High,Established,2022
1297,48,HR,4059.76,8,Yes,2022-08-23,4,40 - 49,Low,Established,2022
1298,55,Sales,8188.65,6,Yes,2020-12-31,3,50+,Mid,Established,2020
1299,42,Sales,5466.5,8,No,2021-11-28,3,40 - 49,Mid,Established,2021
1300,51,Finance,7987.6,17,No,2021-10-10,3,50+,Mid,Veteran,2021
1301,54,IT,8862.78,11,No,2021-11-28,2,50+,Mid,Veteran,2021
1302,49,Sales,10467.68,7,No,2022-11-05,4,40 - 49,High,Established,2022
1303,54,Sales,17445.17,7,Yes,2023-02-26,4,50+,High,Established,2023
1304,26,Finance,3098.96,17,No,2021-07-28,3,Under 30,Low,Veteran,2021
1305,40,Finance,4231.97,27,No,2023-02-06,2,40 - 49,Low,Veteran,2023
1306,25,IT,11100.17,8,No,2022-10-09,4,Under 30,High,Established,2022
1307,56,Finance,10865.01,19,No,2021-10-31,3,50+,High,Veteran,2021
1308,38,HR,8376.72,4,No,2020-09-25,1,30 - 39,Mid,Growing,2020
1309,45,Finance,8404.65,14,No,2023-03-31,3,40 - 49,Mid,Veteran,2023
1310,51,HR,8985.33,26,Yes,2023-07-07,3,50+,Mid,Veteran,2023
1311,50,IT,4578.34,6,Yes,2021-11-28,1,50+,Low,Established,2021
1312,27,IT,11229.71,5,No,2023-01-30,3,Under 30,High,Established,2023
1313,56,IT,6768.93,4,No,2020-09-03,3,50+,Mid,Growing,2020
1314,62,IT,6448.25,15,Yes,2020-05-10,1,50+,Mid,Veteran,2020
1315,58,IT,7670.26,3,No,2021-11-28,3,50+,Mid,Growing,2021
1316,45,HR,3422.69,5,No,2021-11-28,5,40 - 49,Low,Established,2021
1317,50,HR,4496.55,25,No,2022-07-18,3,50+,Low,Veteran,2022
1318,52,IT,9642.3,21,No,2023-11-06,3,50+,Mid,Veteran,2023
1319,56,Finance,3745.19,25,No,2021-11-28,3,50+,Low,Veteran,2021
1320,45,Sales,8428.37,2,No,2021-10-06,3,40 - 49,Mid,Growing,2021
1321,42,IT,5208.14,8,Yes,2020-08-14,4,40 - 49,Mid,Established,2020
1322,53,Finance,6503.66,9,No,2021-12-01,5,50+,Mid,Established,2021
1323,44,Sales,5598.24,9,No,2021-11-28,3,40 - 49,Mid,Established,2021
1324,45,IT,6201.05,2,No,2021-11-28,1,40 - 49,Mid,Growing,2021
1325,24,IT,17445.17,10,No,2023-10-27,4,Under 30,High,Veteran,2023
1326,45,HR,5674.1,8,No,2021-11-28,5,40 - 49,Mid,Established,2021
1327,46,Sales,8097.64,2,No,2021-11-28,1,40 - 49,Mid,Growing,2021
1328,63,Sales,7284.45,11,No,2020-07-29,1,50+,Mid,Veteran,2020
1329,52,Finance,8973.04,1,No,2023-11-01,3,50+,Mid,New,2023
1330,45,HR,17445.17,3,No,2023-11-19,1,40 - 49,High,Growing,2023
1331,61,HR,9593.15,12,Yes,2021-11-28,3,50+,Mid,Veteran,2021
1332,45,HR,17445.17,9,No,2021-11-28,3,40 - 49,High,Established,2021
1333,53,HR,3280.65,3,No,2021-11-28,3,50+,Low,Growing,2021
1334,43,Sales,17445.17,18,No,2021-04-01,5,40 - 49,High,Veteran,2021
1335,45,Sales,8355.7,25,Yes,2021-12-25,5,40 - 49,Mid,Veteran,2021
1336,23,IT,3462.83,18,No,2023-06-03,3,Under 30,Low,Veteran,2023
1337,48,IT,7467.3,22,No,2022-09-08,3,40 - 49,Mid,Veteran,2022
1338,63,HR,8371.59,13,No,2023-02-28,5,50+,Mid,Veteran,2023
1339,45,HR,17445.17,9,No,2021-11-28,3,40 - 49,High,Established,2021
1340,47,HR,9938.21,12,Yes,2021-04-20,3,40 - 49,Mid,Veteran,2021
1341,38,IT,3959.38,7,No,2022-09-12,2,30 - 39,Low,Established,2022
1342,61,Finance,3676.24,28,No,2023-07-24,2,50+,Low,Veteran,2023
1343,45,Finance,9553.7,22,No,2021-11-28,5,40 - 49,Mid,Veteran,2021
1344,30,IT,7459.42,20,No,2023-05-26,3,30 - 39,Mid,Veteran,2023
1345,45,IT,9195.62,22,Yes,2020-07-08,2,40 - 49,Mid,Veteran,2020
1346,60,IT,6913.45,18,Yes,2023-12-11,1,50+,Mid,Veteran,2023
1347,50,IT,5217.62,11,Yes,2021-11-28,3,50+,Mid,Veteran,2021
1348,63,IT,10371.92,7,No,2021-06-29,1,50+,High,Established,2021
1349,47,IT,10194.74,1,No,2020-02-10,3,40 - 49,High,New,2020
1350,56,HR,9252.27,5,No,2020-11-02,3,50+,Mid,Established,2020
1351,46,HR,5449.31,18,No,2022-07-31,2,40 - 49,Mid,Veteran,2022
1352,45,HR,8312.08,9,No,2021-11-28,3,40 - 49,Mid,Established,2021
1353,34,HR,6248.77,3,Yes,2023-08-30,1,30 - 39,Mid,Growing,2023
1354,28,IT,3824.24,23,Yes,2023-01-03,3,Under 30,Low,Veteran,2023
1355,57,Finance,11255.82,9,No,2022-08-10,1,50+,High,Established,2022
1356,45,Sales,4231.37,26,No,2020-10-05,4,40 - 49,Low,Veteran,2020
1357,22,IT,11552.14,2,No,2023-04-14,1,Under 30,High,Growing,2023
1358,45,Sales,7014.05,27,No,2022-06-14,3,40 - 49,Mid,Veteran,2022
1359,37,Finance,4666.2,9,No,2021-11-28,1,30 - 39,Low,Established,2021
1360,35,HR,7877.11,18,No,2022-04-16,3,30 - 39,Mid,Veteran,2022
1361,33,Finance,10856.51,2,No,2021-09-11,5,30 - 39,High,Growing,2021
1362,44,IT,9590.02,5,No,2022-05-11,5,40 - 49,Mid,Established,2022
1363,36,HR,10259.05,9,Yes,2022-07-19,4,30 - 39,High,Established,2022
1364,49,IT,8929.05,21,Yes,2020-10-15,1,40 - 49,Mid,Veteran,2020
1365,55,HR,9230.49,14,No,2021-11-28,3,50+,Mid,Veteran,2021
1366,23,Sales,10642.76,0,No,2022-06-11,4,Under 30,High,New,2022
1367,45,Sales,5247.01,6,No,2021-11-28,3,40 - 49,Mid,Established,2021
1368,44,Sales,7404.82,11,Yes,2022-12-25,3,40 - 49,Mid,Veteran,2022
1369,43,Finance,4990.88,6,No,2021-04-27,3,40 - 49,Low,Established,2021
1370,46,IT,11889.01,29,No,2022-07-24,2,40 - 49,High,Veteran,2022
1371,43,Finance,11496.53,20,No,2020-09-04,4,40 - 49,High,Veteran,2020
1372,43,Sales,3354.84,25,No,2020-06-04,3,40 - 49,Low,Veteran,2020
1373,45,IT,9350.18,28,No,2021-11-28,3,40 - 49,Mid,Veteran,2021
1374,27,Sales,11327.23,9,No,2021-03-29,3,Under 30,High,Established,2021
1375,36,Finance,4625.18,19,No,2020-07-19,4,30 - 39,Low,Veteran,2020
1376,64,Finance,8111.51,4,No,2020-05-03,5,50+,Mid,Growing,2020
1377,58,Finance,11239.39,7,No,2021-11-28,5,50+,High,Established,2021
1378,54,Sales,3305.51,27,No,2022-08-25,2,50+,Low,Veteran,2022
1379,45,IT,9276.78,11,No,2022-05-04,5,40 - 49,Mid,Veteran,2022
1380,26,IT,5676.14,29,No,2021-10-01,5,Under 30,Mid,Veteran,2021
1381,60,Sales,11319.57,19,Yes,2020-07-09,3,50+,High,Veteran,2020
1382,45,IT,11739.52,7,No,2021-05-30,3,40 - 49,High,Established,2021
1383,27,Sales,11498.4,23,No,2021-03-17,3,Under 30,High,Veteran,2021
1384,53,IT,7267.93,17,Yes,2020-05-22,3,50+,Mid,Veteran,2020
1385,51,HR,10758.38,16,Yes,2023-04-29,2,50+,High,Veteran,2023
1386,56,HR,10600.94,8,No,2021-06-16,2,50+,High,Established,2021
1387,45,Finance,5871.9,8,No,2020-08-14,4,40 - 49,Mid,Established,2020
1388,37,HR,10460.24,3,No,2023-08-29,3,30 - 39,High,Growing,2023
1389,45,HR,3333.07,25,Yes,2022-08-06,3,40 - 49,Low,Veteran,2022
1390,63,HR,8366.43,20,Yes,2023-08-18,2,50+,Mid,Veteran,2023
1391,45,Sales,5070.08,7,No,2021-11-28,3,40 - 49,Mid,Established,2021
1392,40,HR,4085.1,3,No,2023-11-25,5,40 - 49,Low,Growing,2023
1393,38,HR,3692.58,9,No,2021-07-04,4,30 - 39,Low,Established,2021
1394,40,Finance,9266.6,14,No,2021-01-27,3,40 - 49,Mid,Veteran,2021
1395,49,HR,6058.87,1,No,2021-11-28,3,40 - 49,Mid,New,2021
1396,47,HR,9522.9,3,No,2023-05-15,3,40 - 49,Mid,Growing,2023
1397,58,IT,3588.21,5,No,2020-07-28,5,50+,Low,Established,2020
1398,47,Finance,5837.61,6,No,2023-02-12,5,40 - 49,Mid,Established,2023
1399,45,Finance,7855.42,9,No,2021-10-07,1,40 - 49,Mid,Established,2021
1400,30,Finance,10116.51,9,No,2021-11-28,3,30 - 39,High,Established,2021
1401,33,Finance,5868.77,6,No,2020-08-06,1,30 - 39,Mid,Established,2020
1402,22,Finance,8633.02,25,Yes,2021-02-10,5,Under 30,Mid,Veteran,2021
1403,22,Finance,10973.8,7,No,2024-01-06,3,Under 30,High,Established,2024
1404,55,Sales,8542.77,28,Yes,2021-11-28,5,50+,Mid,Veteran,2021
1405,53,HR,5096.64,11,No,2022-06-06,3,50+,Mid,Veteran,2022
1406,45,Finance,3219.61,2,No,2021-11-28,5,40 - 49,Low,Growing,2021
1407,45,HR,10830.89,12,No,2021-07-03,3,40 - 49,High,Veteran,2021
1408,22,HR,3191.42,17,No,2020-05-21,1,Under 30,Low,Veteran,2020
1409,37,Sales,10872.32,7,No,2021-09-03,1,30 - 39,High,Established,2021
1410,45,Finance,7760.43,20,No,2021-11-28,1,40 - 49,Mid,Veteran,2021
1411,26,IT,11451.61,14,Yes,2022-04-19,3,Under 30,High,Veteran,2022
1412,43,Sales,10189.05,2,No,2021-12-02,2,40 - 49,High,Growing,2021
1413,50,IT,11981.41,2,No,2021-08-18,4,50+,High,Growing,2021
1414,24,HR,6156.41,25,Yes,2020-10-07,4,Under 30,Mid,Veteran,2020
1415,45,HR,9904.69,7,No,2021-02-27,4,40 - 49,Mid,Established,2021
1416,47,Sales,6617.38,9,No,2022-05-05,2,40 - 49,Mid,Established,2022
1417,37,Sales,7318.88,1,No,2020-09-26,2,30 - 39,Mid,New,2020
1418,58,IT,8647.55,29,No,2020-06-02,4,50+,Mid,Veteran,2020
1419,43,Finance,10863.09,22,Yes,2021-11-28,4,40 - 49,High,Veteran,2021
1420,50,IT,11856.75,9,No,2021-10-23,5,50+,High,Established,2021
1421,35,Sales,9914.46,11,Yes,2020-03-23,4,30 - 39,Mid,Veteran,2020
1422,49,IT,6759.9,13,No,2021-11-28,5,40 - 49,Mid,Veteran,2021
1423,26,Sales,6792.21,13,No,2022-06-17,3,Under 30,Mid,Veteran,2022
1424,51,IT,17445.17,1,No,2023-12-20,2,50+,High,New,2023
1425,26,Sales,5148.99,1,No,2023-07-22,3,Under 30,Mid,New,2023
1426,45,Sales,3994.27,4,Yes,2020-10-10,2,40 - 49,Low,Growing,2020
1427,45,Sales,6191.6,4,Yes,2021-11-28,2,40 - 49,Mid,Growing,2021
1428,47,Finance,5585.15,5,Yes,2020-06-21,2,40 - 49,Mid,Established,2020
1429,47,IT,5666.77,12,No,2021-11-28,3,40 - 49,Mid,Veteran,2021
1430,42,IT,5102.47,8,Yes,2022-12-22,1,40 - 49,Mid,Established,2022
1431,45,IT,3378.84,29,No,2021-11-28,4,40 - 49,Low,Veteran,2021
1432,57,Sales,3160.87,21,No,2022-02-01,1,50+,Low,Veteran,2022
1433,54,IT,11889.5,27,No,2023-10-30,1,50+,High,Veteran,2023
1434,51,IT,6849.96,3,Yes,2021-09-24,1,50+,Mid,Growing,2021
1435,58,Sales,6458.94,6,No,2022-02-25,2,50+,Mid,Established,2022
1436,45,HR,9116.83,13,No,2022-07-31,5,40 - 49,Mid,Veteran,2022
1437,31,Sales,4964.28,23,No,2021-11-28,3,30 - 39,Low,Veteran,2021
1438,26,IT,17445.17,6,No,2021-02-01,3,Under 30,High,Established,2021
1439,57,Sales,10077.11,24,Yes,2023-02-17,1,50+,High,Veteran,2023
1440,55,HR,3804.7,19,No,2021-11-28,3,50+,Low,Veteran,2021
1441,52,Sales,6758.23,1,No,2023-12-31,1,50+,Mid,New,2023
1442,31,IT,10912.06,5,No,2021-11-06,5,30 - 39,High,Established,2021
1443,45,HR,11502.59,2,No,2022-07-24,4,40 - 49,High,Growing,2022
1444,53,Finance,7206.61,16,No,2021-04-09,1,50+,Mid,Veteran,2021
1445,22,IT,8520.7,9,No,2020-10-12,3,Under 30,Mid,Established,2020
1446,45,HR,4503.31,24,No,2020-09-21,4,40 - 49,Low,Veteran,2020
1447,45,HR,11920.52,24,No,2021-11-28,3,40 - 49,High,Veteran,2021
1448,37,Finance,5085.05,27,No,2021-11-28,1,30 - 39,Mid,Veteran,2021
1449,45,Sales,11484.59,4,No,2023-10-31,3,40 - 49,High,Growing,2023
1450,37,Sales,8846.82,2,No,2022-03-30,3,30 - 39,Mid,Growing,2022
1451,23,IT,8469.63,4,Yes,2020-03-29,3,Under 30,Mid,Growing,2020
1452,49,Finance,7614.2,4,Yes,2023-05-11,1,40 - 49,Mid,Growing,2023
1453,53,Sales,5076.03,0,No,2021-11-28,3,50+,Mid,New,2021
1454,48,Finance,4588.75,4,No,2022-09-27,3,40 - 49,Low,Growing,2022
1455,41,Sales,4984.38,11,No,2020-11-29,4,40 - 49,Low,Veteran,2020
1456,45,HR,4677.94,23,No,2021-11-28,4,40 - 49,Low,Veteran,2021
1457,33,Sales,10016.26,3,No,2020-02-10,4,30 - 39,High,Growing,2020
1458,56,Finance,6151.13,12,Yes,2021-11-28,2,50+,Mid,Veteran,2021
1459,54,HR,3520.58,22,No,2022-09-14,3,50+,Low,Veteran,2022
1460,45,HR,11721.92,5,Yes,2021-05-28,3,40 - 49,High,Established,2021
1461,64,HR,10954.07,10,No,2023-02-24,3,50+,High,Veteran,2023
1462,45,Finance,11349.77,9,No,2023-07-02,1,40 - 49,High,Established,2023
1463,45,IT,11954.17,2,Yes,2021-11-25,4,40 - 49,High,Growing,2021
1464,24,IT,4565.06,21,No,2022-11-05,3,Under 30,Low,Veteran,2022
1465,22,IT,6566.18,13,No,2021-04-21,5,Under 30,Mid,Veteran,2021
1466,45,Finance,9824.15,15,No,2022-12-21,1,40 - 49,Mid,Veteran,2022
1467,45,HR,9264.19,8,No,2022-05-30,2,40 - 49,Mid,Established,2022
1468,45,IT,4385.06,28,No,2021-11-28,3,40 - 49,Low,Veteran,2021
1469,64,Finance,10342.5,9,Yes,2020-09-24,5,50+,High,Established,2020
1470,45,IT,5019.97,11,Yes,2022-11-24,3,40 - 49,Mid,Veteran,2022
1471,45,Sales,17445.17,29,Yes,2021-11-28,3,40 - 49,High,Veteran,2021
1472,33,IT,7832.77,8,No,2021-05-08,3,30 - 39,Mid,Established,2021
1473,52,IT,8336.46,0,No,2024-02-01,3,50+,Mid,New,2024
1474,23,HR,8220.78,4,No,2021-11-28,2,Under 30,Mid,Growing,2021
1475,56,Finance,3823.38,19,Yes,2023-09-10,3,50+,Low,Veteran,2023
1476,45,HR,10897.15,7,No,2023-08-20,5,40 - 49,High,Established,2023
1477,38,HR,5390.4,10,No,2023-07-23,3,30 - 39,Mid,Veteran,2023
1478,47,HR,4165.63,11,No,2022-10-09,5,40 - 49,Low,Veteran,2022
1479,29,HR,10998.73,4,No,2023-05-09,5,Under 30,High,Growing,2023
1480,50,HR,11600.86,24,No,2024-01-08,3,50+,High,Veteran,2024
1481,47,IT,10759.15,21,Yes,2023-09-09,4,40 - 49,High,Veteran,2023
1482,31,HR,10285.64,5,No,2021-11-28,3,30 - 39,High,Established,2021
1483,45,HR,17445.17,27,No,2021-11-28,3,40 - 49,High,Veteran,2021
1484,55,Finance,7957.72,24,No,2021-04-26,4,50+,Mid,Veteran,2021
1485,62,Sales,3782.88,10,No,2021-12-28,1,50+,Low,Veteran,2021
1486,28,IT,6676.08,4,No,2021-04-24,3,Under 30,Mid,Growing,2021
1487,25,IT,6354.2,4,No,2021-11-28,5,Under 30,Mid,Growing,2021
1488,45,IT,5337.78,4,No,2022-10-28,3,40 - 49,Mid,Growing,2022
1489,50,HR,9510.78,11,No,2021-11-28,3,50+,Mid,Veteran,2021
1490,57,HR,7462.88,4,No,2020-12-08,3,50+,Mid,Growing,2020
1491,46,HR,3729.42,16,No,2021-11-28,4,40 - 49,Low,Veteran,2021
1492,42,Finance,4981.65,16,No,2021-11-28,5,40 - 49,Low,Veteran,2021
1493,57,Sales,9149.33,23,No,2020-11-27,2,50+,Mid,Veteran,2020
1494,31,HR,3685.18,11,No,2021-03-13,3,30 - 39,Low,Veteran,2021
1495,58,Sales,10660.86,23,Yes,2020-06-22,5,50+,High,Veteran,2020
1496,30,Finance,7456.32,27,No,2021-07-12,4,30 - 39,Mid,Veteran,2021
1497,45,IT,7325.28,6,No,2021-06-10,1,40 - 49,Mid,Established,2021
1498,56,HR,8331.67,3,No,2021-10-20,3,50+,Mid,Growing,2021
1499,56,Sales,10422.13,5,No,2021-11-28,2,50+,High,Established,2021
1500,45,Sales,6130.28,11,No,2022-03-30,3,40 - 49,Mid,Veteran,2022
1060,50,HR,3466.41,23,Yes,2020-04-22,1,50+,Low,Veteran,2020
1397,58,IT,3588.21,5,No,2020-07-28,5,50+,Low,Established,2020
1038,60,Finance,10789.56,5,No,2021-11-28,5,50+,High,Established,2021
1025,33,IT,5213.62,26,Yes,2023-02-16,4,30 - 39,Mid,Veteran,2023
1297,48,HR,4059.76,8,Yes,2022-08-23,4,40 - 49,Low,Established,2022
1057,45,HR,4389.26,7,No,2021-11-28,5,40 - 49,Low,Established,2021
1433,54,IT,11889.5,27,No,2023-10-30,1,50+,High,Veteran,2023
1056,23,Sales,8231.14,16,No,2021-03-07,1,Under 30,Mid,Veteran,2021
